{"cameraMode":{"drawMode":0,"name":"Shaded","section":"Shading Mode"},"sceneLighting":true,"audioPlay":false,"sceneViewState":{"showFog":true,"showMaterialUpdate":false,"showSkybox":true,"showFlares":true,"showImageEffects":true,"showParticleSystems":true},"in2DMode":false,"pivot":{"x":-8.147850036621094,"y":3.36375093460083,"z":2.5376574993133547},"rotation":{"x":-0.16230176389217378,"y":0.13576844334602357,"z":-0.023828210309147836,"w":-0.97709059715271},"size":0.99446702003479,"orthographic":false}