{"cameraMode":{"drawMode":0,"name":"Shaded","section":"Shading Mode"},"sceneLighting":false,"audioPlay":false,"sceneViewState":{"showFog":true,"showMaterialUpdate":false,"showSkybox":true,"showFlares":true,"showImageEffects":true,"showParticleSystems":true},"in2DMode":false,"pivot":{"x":321.2708740234375,"y":-15.540964126586914,"z":384.0044250488281},"rotation":{"x":0.16665147244930268,"y":0.7541269659996033,"z":-0.20806583762168885,"w":0.6005688309669495},"size":102.24839782714844,"orthographic":false}