{"cameraMode":{"drawMode":0,"name":"Shaded","section":"Shading Mode"},"sceneLighting":false,"audioPlay":false,"sceneViewState":{"showFog":true,"showMaterialUpdate":false,"showSkybox":true,"showFlares":true,"showImageEffects":true,"showParticleSystems":true},"in2DMode":false,"pivot":{"x":822.6449584960938,"y":197.66590881347657,"z":824.7460327148438},"rotation":{"x":-0.07628291845321655,"y":-0.009957022033631802,"z":0.0006047957576811314,"w":-0.9983974099159241},"size":717.1942749023438,"orthographic":false}