{"cameraMode":{"drawMode":0,"name":"Shaded","section":"Shading Mode"},"sceneLighting":false,"audioPlay":false,"sceneViewState":{"showFog":true,"showMaterialUpdate":false,"showSkybox":true,"showFlares":true,"showImageEffects":true,"showParticleSystems":true},"in2DMode":false,"pivot":{"x":-83.51898193359375,"y":2.0476794242858888,"z":10.545928001403809},"rotation":{"x":-0.3008759915828705,"y":-0.6322870850563049,"z":0.29165032505989077,"w":-0.6537042260169983},"size":2.4000000953674318,"orthographic":false}