{"cameraMode":{"drawMode":0,"name":"Shaded","section":"Shading Mode"},"sceneLighting":false,"audioPlay":false,"sceneViewState":{"showFog":true,"showMaterialUpdate":false,"showSkybox":true,"showFlares":true,"showImageEffects":true,"showParticleSystems":true},"in2DMode":false,"pivot":{"x":653.0284423828125,"y":500.64105224609377,"z":-507.7701110839844},"rotation":{"x":0.1655329316854477,"y":-0.0017047761939466,"z":0.0017834745813161135,"w":0.9863232374191284},"size":19.311588287353517,"orthographic":false}