{"cameraMode":{"drawMode":0,"name":"Shaded","section":"Shading Mode"},"sceneLighting":false,"audioPlay":false,"sceneViewState":{"showFog":true,"showMaterialUpdate":false,"showSkybox":true,"showFlares":true,"showImageEffects":true,"showParticleSystems":true},"in2DMode":false,"pivot":{"x":690.677001953125,"y":234.8358917236328,"z":965.5955810546875},"rotation":{"x":-0.0642983540892601,"y":-0.01447171252220869,"z":0.00046665649279020727,"w":-0.9991884231567383},"size":1339.68310546875,"orthographic":false}