{"cameraMode":{"drawMode":0,"name":"Shaded","section":"Shading Mode"},"sceneLighting":true,"audioPlay":false,"sceneViewState":{"showFog":true,"showMaterialUpdate":false,"showSkybox":true,"showFlares":true,"showImageEffects":true,"showParticleSystems":true},"in2DMode":false,"pivot":{"x":-92.84196472167969,"y":74.44974517822266,"z":9.898787498474121},"rotation":{"x":-0.2648277282714844,"y":-0.6927362084388733,"z":0.310039222240448,"w":-0.5956558585166931},"size":0.8660253882408142,"orthographic":false}