{"cameraMode":{"drawMode":0,"name":"Shaded","section":"Shading Mode"},"sceneLighting":false,"audioPlay":false,"sceneViewState":{"showFog":true,"showMaterialUpdate":false,"showSkybox":true,"showFlares":true,"showImageEffects":true,"showParticleSystems":true},"in2DMode":false,"pivot":{"x":-34.66279983520508,"y":254.98648071289063,"z":-204.9122772216797},"rotation":{"x":0.20092877745628358,"y":0.0012921164743602276,"z":0.00120361743029207,"w":0.9797191023826599},"size":151.29884338378907,"orthographic":false}