{"cameraMode":{"drawMode":0,"name":"Shaded","section":"Shading Mode"},"sceneLighting":false,"audioPlay":false,"sceneViewState":{"showFog":true,"showMaterialUpdate":false,"showSkybox":true,"showFlares":true,"showImageEffects":true,"showParticleSystems":true},"in2DMode":false,"pivot":{"x":-54.15679931640625,"y":-1.4235641956329346,"z":-37.20305252075195},"rotation":{"x":-0.08145774900913239,"y":0.7366721630096436,"z":-0.07749888300895691,"w":-0.6683622598648071},"size":9.219474792480469,"orthographic":false}