{"cameraMode":{"drawMode":0,"name":"Shaded","section":"Shading Mode"},"sceneLighting":false,"audioPlay":false,"sceneViewState":{"showFog":true,"showMaterialUpdate":false,"showSkybox":true,"showFlares":true,"showImageEffects":true,"showParticleSystems":true},"in2DMode":false,"pivot":{"x":-57.35624313354492,"y":9.489612579345704,"z":-18.77778434753418},"rotation":{"x":0.18902309238910676,"y":-0.5959605574607849,"z":0.14399874210357667,"w":0.7678015232086182},"size":3.2660250663757326,"orthographic":false}