{"cameraMode":{"drawMode":0,"name":"Shaded","section":"Shading Mode"},"sceneLighting":false,"audioPlay":false,"sceneViewState":{"showFog":true,"showMaterialUpdate":false,"showSkybox":false,"showFlares":true,"showImageEffects":true,"showParticleSystems":true},"in2DMode":false,"pivot":{"x":10.713440895080567,"y":0.03668029606342316,"z":-13.373241424560547},"rotation":{"x":-0.22396446764469148,"y":0.7325332760810852,"z":-0.2878512442111969,"w":-0.5749828219413757},"size":1.4240498542785645,"orthographic":false}