{"cameraMode":{"drawMode":0,"name":"Shaded","section":"Shading Mode"},"sceneLighting":false,"audioPlay":false,"sceneViewState":{"showFog":true,"showMaterialUpdate":false,"showSkybox":true,"showFlares":true,"showImageEffects":true,"showParticleSystems":true},"in2DMode":false,"pivot":{"x":790.5072021484375,"y":376.0650329589844,"z":66.26607513427735},"rotation":{"x":-0.09850848466157913,"y":-0.07420496642589569,"z":0.006637843791395426,"w":-0.9937154054641724},"size":257.1719970703125,"orthographic":false}