{"cameraMode":{"drawMode":0,"name":"Shaded","section":"Shading Mode"},"sceneLighting":true,"audioPlay":false,"sceneViewState":{"showFog":true,"showMaterialUpdate":false,"showSkybox":true,"showFlares":true,"showImageEffects":true,"showParticleSystems":true},"in2DMode":false,"pivot":{"x":235.64077758789063,"y":50.0509147644043,"z":423.9477844238281},"rotation":{"x":-0.05986978858709335,"y":0.7767943739891052,"z":0.07518845051527024,"w":0.6229488253593445},"size":77.56695556640625,"orthographic":false}