{"cameraMode":{"drawMode":0,"name":"Shaded","section":"Shading Mode"},"sceneLighting":false,"audioPlay":false,"sceneViewState":{"showFog":true,"showMaterialUpdate":false,"showSkybox":true,"showFlares":true,"showImageEffects":true,"showParticleSystems":true},"in2DMode":false,"pivot":{"x":-54.7993278503418,"y":3.23909068107605,"z":62.84729766845703},"rotation":{"x":0.021091382950544359,"y":-0.9671099781990051,"z":0.24695754051208497,"w":0.06810351461172104},"size":9.924598693847657,"orthographic":false}