{"cameraMode":{"drawMode":0,"name":"Shaded","section":"Shading Mode"},"sceneLighting":false,"audioPlay":false,"sceneViewState":{"showFog":true,"showMaterialUpdate":false,"showSkybox":true,"showFlares":true,"showImageEffects":true,"showParticleSystems":true},"in2DMode":false,"pivot":{"x":-41.30024337768555,"y":2.1458351612091066,"z":0.06814437359571457},"rotation":{"x":0.12823832035064698,"y":0.7523451447486877,"z":-0.16441304981708527,"w":0.6263437867164612},"size":9.219474792480469,"orthographic":false}